id,exercise_name,body_part,type,equipment,difficulty,met_value,goal_tag,sets_recommended,reps_recommended,rest_time_sec,recommended_weight_kg,video_url
123,Ab Wheel Rollout,Core,Isolation,Bodyweight,Advanced,5.5,Strength,3-4,8-12,60,50-100,https://www.youtube.com/watch?v=dQw4w9WgXcQ
216,Ab Wheel Rollout Variations,Core,Isolation,Bodyweight,Advanced,6,Muscle Gain,4,8-12,75,Bodyweight,https://www.youtube.com/watch?v=dQw4w9WgXcQ
343,Agility Ladder Drills,Full Body,Pre Workout,Agility Ladder,Advanced,10.5,Fat Loss,4,3 patterns x 10 meters,30,Bodyweight,https://www.youtube.com/watch?v=agility-ladder-drills
326,Alternating Side Lunges,Legs,Pre Workout,Bodyweight,Intermediate,5,Muscle Gain,3,12 each side,20,Bodyweight,https://www.youtube.com/watch?v=alternating-side-lunges
307,Ankle Rotations,Ankles,Pre Workout,Bodyweight,Beginner,1.5,Strength,2,10 each direction per ankle,10,Bodyweight,https://www.youtube.com/watch?v=ankle-rotations
293,Arm Circles,Shoulders,Pre Workout,Bodyweight,Beginner,2.5,Strength,2,20 each direction,15,Bodyweight,https://www.youtube.com/watch?v=arm-circles
274,Arnold Press,Shoulders,Compound,Dumbbell,Advanced,6,Fat Loss,4,12-15,45,15-30,https://www.youtube.com/watch?v=dQw4w9WgXcQ
89,Arnold Press,Shoulders,Compound,Dumbbell,Intermediate,5,Muscle Gain,3-4,8-12,60,20-50,https://www.youtube.com/watch?v=dQw4w9WgXcQ
90,Arnold Press,Shoulders,Compound,Dumbbell,Intermediate,4.8,Strength,3-4,8-12,60,20-50,https://www.youtube.com/watch?v=dQw4w9WgXcQ
331,Assault Bike Intervals,Full Body,Pre Workout,Assault Bike,Advanced,14,Fat Loss,5-6,30 sec all-out / 30 sec easy,30,Bodyweight,https://www.youtube.com/watch?v=assault-bike-intervals
244,Assault Bike Sprint,Full Body,Compound,Machine,Advanced,14,Fat Loss,6,30 sec,30,Bodyweight,https://www.youtube.com/watch?v=dQw4w9WgXcQ
17,Assisted Pull-Up,Back,Compound,Machine,Beginner,4.5,Fat Loss,3-4,8-12,60,10-20,https://www.youtube.com/watch?v=dQw4w9WgXcQ
18,Assisted Pull-Up,Back,Compound,Machine,Beginner,4,Muscle Gain,3-4,8-12,60,10-20,https://www.youtube.com/watch?v=dQw4w9WgXcQ
323,Banded Pull-Aparts,Shoulders,Pre Workout,Resistance Band,Intermediate,3.5,Muscle Gain,3,20,15,Bodyweight,https://www.youtube.com/watch?v=banded-pull-aparts
349,Band Resisted Hip Flexion,Hips,Pre Workout,Resistance Band,Advanced,4.5,Muscle Gain,3,15 each side,20,Bodyweight,https://www.youtube.com/watch?v=band-hip-flexion
144,Barbell 21s,Arms,Isolation,Barbell,Advanced,4.5,Strength,4,21,90,20-40,https://www.youtube.com/watch?v=dQw4w9WgXcQ
262,Barbell Back Squat,Legs,Compound,Barbell,Advanced,7,Muscle Gain,4-5,6-10,120,60-140,https://www.youtube.com/watch?v=dQw4w9WgXcQ
75,Barbell Back Squat,Legs,Compound,Barbell,Intermediate,6,Muscle Gain,3-4,8-12,60,20-50,https://www.youtube.com/watch?v=dQw4w9WgXcQ
76,Barbell Back Squat,Legs,Compound,Barbell,Intermediate,6,Strength,3-4,8-12,60,20-50,https://www.youtube.com/watch?v=dQw4w9WgXcQ
198,Barbell Bench Press,Chest,Compound,Barbell,Advanced,5.5,Muscle Gain,4-5,6-10,90,60-120,https://www.youtube.com/watch?v=dQw4w9WgXcQ
55,Barbell Bench Press,Chest,Compound,Barbell,Intermediate,5,Muscle Gain,3-4,8-12,60,20-50,https://www.youtube.com/watch?v=dQw4w9WgXcQ
56,Barbell Bench Press,Chest,Compound,Barbell,Intermediate,5,Strength,3-4,8-12,60,20-50,https://www.youtube.com/watch?v=dQw4w9WgXcQ
155,Barbell Bent-Over Row,Back,Compound,Barbell,Advanced,6.5,Fat Loss,4,12-15,45,40-80,https://www.youtube.com/watch?v=dQw4w9WgXcQ
246,Barbell Clean and Press,Full Body,Compound,Barbell,Advanced,9,Muscle Gain,4-5,5-8,120,50-100,https://www.youtube.com/watch?v=dQw4w9WgXcQ
243,Barbell Complex,Full Body,Compound,Barbell,Advanced,10,Fat Loss,4,6 each,45,30-60,https://www.youtube.com/watch?v=dQw4w9WgXcQ
95,Barbell Curl,Arms,Isolation,Barbell,Intermediate,3.5,Muscle Gain,3-4,8-12,60,20-50,https://www.youtube.com/watch?v=dQw4w9WgXcQ
96,Barbell Curl,Arms,Isolation,Barbell,Intermediate,3.5,Strength,3-4,8-12,60,20-50,https://www.youtube.com/watch?v=dQw4w9WgXcQ
247,Barbell Front Squat,Full Body,Compound,Barbell,Advanced,7.5,Muscle Gain,4,5-8,120,50-100,https://www.youtube.com/watch?v=dQw4w9WgXcQ
263,Barbell Front Squat,Legs,Compound,Barbell,Advanced,7.5,Muscle Gain,4,6-10,120,50-100,https://www.youtube.com/watch?v=dQw4w9WgXcQ
235,Barbell Hang Clean,Full Body,Compound,Barbell,Intermediate,8,Muscle Gain,4,6-8,90,40-70,https://www.youtube.com/watch?v=dQw4w9WgXcQ
183,Barbell Heavy Calf Raise,Calves,Isolation,Barbell,Advanced,4,Strength,5,4-6,120,80-140,https://www.youtube.com/watch?v=dQw4w9WgXcQ
265,Barbell Hip Thrust,Legs,Isolation,Barbell,Advanced,5,Muscle Gain,4,8-12,90,60-120,https://www.youtube.com/watch?v=dQw4w9WgXcQ
347,Barbell Hip Thrust Activation,Glutes,Pre Workout,Barbell,Advanced,6,Muscle Gain,3,15,30,20-40,https://www.youtube.com/watch?v=barbell-hip-thrust-activation
239,Barbell Push Press,Full Body,Compound,Barbell,Intermediate,6.5,Strength,4,5-8,120,40-80,https://www.youtube.com/watch?v=dQw4w9WgXcQ
234,Barbell Romanian Deadlift,Full Body,Compound,Barbell,Intermediate,6,Muscle Gain,4,8-12,90,40-80,https://www.youtube.com/watch?v=dQw4w9WgXcQ
69,Barbell Row,Back,Compound,Barbell,Intermediate,5,Muscle Gain,3-4,8-12,60,20-50,https://www.youtube.com/watch?v=dQw4w9WgXcQ
70,Barbell Row,Back,Compound,Barbell,Intermediate,5,Strength,3-4,8-12,60,20-50,https://www.youtube.com/watch?v=dQw4w9WgXcQ
174,Barbell Standing Calf Raise,Calves,Isolation,Barbell,Intermediate,3.5,Strength,4,8-10,75,40-80,https://www.youtube.com/watch?v=dQw4w9WgXcQ
275,Barbell Upright Row,Shoulders,Compound,Barbell,Advanced,6,Fat Loss,4,12-15,45,30-60,https://www.youtube.com/watch?v=dQw4w9WgXcQ
259,Barbell Walking Lunge,Legs,Compound,Barbell,Advanced,7.5,Fat Loss,4,12-15,45,40-70,https://www.youtube.com/watch?v=dQw4w9WgXcQ
280,Barbell Z-Press,Shoulders,Compound,Barbell,Advanced,5.5,Muscle Gain,4,6-8,90,30-60,https://www.youtube.com/watch?v=dQw4w9WgXcQ
242,Battle Ropes,Full Body,Compound,Cable,Advanced,10.5,Fat Loss,5,30 sec,30,Bodyweight,https://www.youtube.com/watch?v=dQw4w9WgXcQ
272,Battle Rope Shoulder Wave,Shoulders,Compound,Cable,Intermediate,8.5,Fat Loss,4,30 sec,35,Bodyweight,https://www.youtube.com/watch?v=dQw4w9WgXcQ
314,Bear Crawl,Full Body,Pre Workout,Bodyweight,Intermediate,6,Strength,4,20 meters,30,Bodyweight,https://www.youtube.com/watch?v=bear-crawl
206,Bicycle Crunch,Core,Isolation,Bodyweight,Intermediate,4,Fat Loss,3-4,20-30,40,Bodyweight,https://www.youtube.com/watch?v=dQw4w9WgXcQ
204,Bird Dog,Core,Isolation,Bodyweight,Beginner,3,Strength,3,10-12,60,Bodyweight,https://www.youtube.com/watch?v=dQw4w9WgXcQ
219,Bodyweight Squat,Full Body,Compound,Bodyweight,Beginner,4.5,Fat Loss,3,15-20,40,Bodyweight,https://www.youtube.com/watch?v=dQw4w9WgXcQ
300,Bodyweight Squats,Legs,Pre Workout,Bodyweight,Beginner,3.5,Muscle Gain,2,15,20,Bodyweight,https://www.youtube.com/watch?v=bodyweight-squats
166,Box Jump,Calves,Compound,Bodyweight,Intermediate,9.5,Fat Loss,4,12-15,45,Bodyweight,https://www.youtube.com/watch?v=dQw4w9WgXcQ
333,Box Jumps,Full Body,Pre Workout,Plyo Box,Advanced,10,Strength,4,8-10,45,Bodyweight,https://www.youtube.com/watch?v=box-jumps
285,Brisk Walking,Full Body,Pre Workout,Bodyweight,Beginner,4.3,Fat Loss,1,10-15 min,0,Bodyweight,https://www.youtube.com/watch?v=brisk-walking
342,Broad Jumps,Full Body,Pre Workout,Bodyweight,Advanced,10,Strength,4,6-8,45,Bodyweight,https://www.youtube.com/watch?v=broad-jumps
329,Broad Jump to Backpedal,Full Body,Pre Workout,Bodyweight,Intermediate,8,Fat Loss,4,6,30,Bodyweight,https://www.youtube.com/watch?v=broad-jump-backpedal
81,Bulgarian Split Squat,Legs,Compound,Bodyweight,Intermediate,6,Muscle Gain,3-4,8-12,60,20-50,https://www.youtube.com/watch?v=dQw4w9WgXcQ
82,Bulgarian Split Squat,Legs,Compound,Bodyweight,Intermediate,6,Strength,3-4,8-12,60,20-50,https://www.youtube.com/watch?v=dQw4w9WgXcQ
254,Bulgarian Split Squat,Legs,Compound,Dumbbell,Intermediate,7,Fat Loss,4,12-15,45,10-25,https://www.youtube.com/watch?v=dQw4w9WgXcQ
124,Burpees,Full Body,Compound,Bodyweight,Advanced,9,Strength,3-4,8-12,60,50-100,https://www.youtube.com/watch?v=dQw4w9WgXcQ
291,Butt Kicks,Legs,Pre Workout,Bodyweight,Beginner,7,Fat Loss,3,30 sec,20,Bodyweight,https://www.youtube.com/watch?v=butt-kicks
9,Cable Chest Fly,Chest,Isolation,Cable,Beginner,3.5,Fat Loss,3-4,8-12,60,10-20,https://www.youtube.com/watch?v=dQw4w9WgXcQ
10,Cable Chest Fly,Chest,Isolation,Cable,Beginner,3.5,Muscle Gain,3-4,8-12,60,10-20,https://www.youtube.com/watch?v=dQw4w9WgXcQ
196,Cable Crossover,Chest,Isolation,Cable,Advanced,3.5,Fat Loss,4,15-20,40,15-30,https://www.youtube.com/watch?v=dQw4w9WgXcQ
105,Cable Crunch,Core,Isolation,Cable,Intermediate,3.5,Muscle Gain,3-4,8-12,60,20-50,https://www.youtube.com/watch?v=dQw4w9WgXcQ
106,Cable Crunch,Core,Isolation,Cable,Intermediate,3.5,Strength,3-4,8-12,60,20-50,https://www.youtube.com/watch?v=dQw4w9WgXcQ
39,Cable Curl,Arms,Isolation,Cable,Beginner,3,Fat Loss,3-4,8-12,60,10-20,https://www.youtube.com/watch?v=dQw4w9WgXcQ
40,Cable Curl,Arms,Isolation,Cable,Beginner,3,Muscle Gain,3-4,8-12,60,10-20,https://www.youtube.com/watch?v=dQw4w9WgXcQ
151,Cable Face Pull,Back,Isolation,Cable,Intermediate,4.5,Fat Loss,3-4,15-20,45,10-25,https://www.youtube.com/watch?v=dQw4w9WgXcQ
273,Cable Front Raise,Shoulders,Isolation,Cable,Intermediate,3.5,Fat Loss,3-4,15-20,40,5-15,https://www.youtube.com/watch?v=dQw4w9WgXcQ
132,Cable Hammer Curl,Arms,Isolation,Cable,Intermediate,3.5,Fat Loss,3-4,15-20,40,10-20,https://www.youtube.com/watch?v=dQw4w9WgXcQ
269,Cable Lateral Raise,Shoulders,Isolation,Cable,Beginner,3,Strength,3,12-15,60,5-15,https://www.youtube.com/watch?v=dQw4w9WgXcQ
136,Cable Overhead Tricep Extension,Arms,Isolation,Cable,Advanced,3.5,Fat Loss,4,12-15,45,15-30,https://www.youtube.com/watch?v=dQw4w9WgXcQ
281,Cable Rear Delt Fly,Shoulders,Isolation,Cable,Advanced,3.5,Muscle Gain,4,10-12,75,10-20,https://www.youtube.com/watch?v=dQw4w9WgXcQ
161,Cable Straight-Arm Pulldown,Back,Isolation,Cable,Advanced,5,Muscle Gain,4,10-12,75,20-40,https://www.youtube.com/watch?v=dQw4w9WgXcQ
277,Cable Y-Raise,Shoulders,Isolation,Cable,Advanced,3.5,Fat Loss,4,12-15,45,5-15,https://www.youtube.com/watch?v=dQw4w9WgXcQ
321,Carioca Drill,Full Body,Pre Workout,Bodyweight,Intermediate,7,Fat Loss,3,20 meters each side,25,Bodyweight,https://www.youtube.com/watch?v=carioca-drill
302,Cat-Cow Stretch,Spine,Pre Workout,Bodyweight,Beginner,2,Strength,2,10,15,Bodyweight,https://www.youtube.com/watch?v=cat-cow-stretch
149,Chest-Supported Row,Back,Compound,Dumbbell,Beginner,3.5,Strength,3,10-12,60,10-20,https://www.youtube.com/watch?v=dQw4w9WgXcQ
67,Chin-Up,Back,Compound,Bodyweight,Intermediate,6,Muscle Gain,3-4,8-12,60,20-50,https://www.youtube.com/watch?v=dQw4w9WgXcQ
68,Chin-Up,Back,Compound,Bodyweight,Intermediate,6,Strength,3-4,8-12,60,20-50,https://www.youtube.com/watch?v=dQw4w9WgXcQ
118,Clean,Full Body,Compound,Barbell,Advanced,9.5,Strength,3-4,8-12,60,50-100,https://www.youtube.com/watch?v=dQw4w9WgXcQ
101,Close Grip Bench Press,Arms,Compound,Barbell,Intermediate,4.5,Muscle Gain,3-4,8-12,60,20-50,https://www.youtube.com/watch?v=dQw4w9WgXcQ
102,Close Grip Bench Press,Arms,Compound,Barbell,Intermediate,4.8,Strength,3-4,8-12,60,20-50,https://www.youtube.com/watch?v=dQw4w9WgXcQ
139,Close-Grip Bench Press,Arms,Compound,Barbell,Advanced,5.5,Muscle Gain,4,6-8,90,40-80,https://www.youtube.com/watch?v=dQw4w9WgXcQ
134,Concentration Curl,Arms,Isolation,Dumbbell,Intermediate,3.8,Fat Loss,3-4,12-15,45,8-20,https://www.youtube.com/watch?v=dQw4w9WgXcQ
138,Cross Body Hammer Curl,Arms,Isolation,Dumbbell,Advanced,3.5,Fat Loss,4,12-15,45,10-20,https://www.youtube.com/watch?v=dQw4w9WgXcQ
47,Crunch,Core,Isolation,Bodyweight,Beginner,3,Fat Loss,3-4,8-12,60,Bodyweight,https://www.youtube.com/watch?v=dQw4w9WgXcQ
48,Crunch,Core,Isolation,Bodyweight,Beginner,3,Muscle Gain,3-4,8-12,60,Bodyweight,https://www.youtube.com/watch?v=dQw4w9WgXcQ
203,Dead Bug,Core,Isolation,Bodyweight,Beginner,3,Strength,3,10-12,60,Bodyweight,https://www.youtube.com/watch?v=dQw4w9WgXcQ
327,Dead Bug,Core,Pre Workout,Bodyweight,Intermediate,3.5,Strength,3,10 each side,20,Bodyweight,https://www.youtube.com/watch?v=dead-bug
114,Deadlift,Back,Compound,Barbell,Advanced,7.5,Strength,3-4,8-12,60,50-100,https://www.youtube.com/watch?v=dQw4w9WgXcQ
195,Decline Barbell Bench Press,Chest,Compound,Barbell,Advanced,6.5,Fat Loss,4,12-15,45,40-80,https://www.youtube.com/watch?v=dQw4w9WgXcQ
61,Decline Push-Up,Chest,Compound,Bodyweight,Intermediate,4.5,Muscle Gain,3-4,8-12,60,20-50,https://www.youtube.com/watch?v=dQw4w9WgXcQ
62,Decline Push-Up,Chest,Compound,Bodyweight,Intermediate,4.2,Strength,3-4,8-12,60,20-50,https://www.youtube.com/watch?v=dQw4w9WgXcQ
157,Deficit Deadlift,Back,Compound,Barbell,Advanced,8.5,Fat Loss,4,8-10,60,50-100,https://www.youtube.com/watch?v=dQw4w9WgXcQ
177,Depth Jump,Calves,Compound,Bodyweight,Advanced,10,Fat Loss,4,10-12,40,Bodyweight,https://www.youtube.com/watch?v=dQw4w9WgXcQ
334,Depth Jumps,Full Body,Pre Workout,Plyo Box,Advanced,11,Strength,4,6-8,45,Bodyweight,https://www.youtube.com/watch?v=depth-jumps
129,Diamond Push-Up,Arms,Compound,Bodyweight,Beginner,3.8,Strength,3,8-12,60,Bodyweight,https://www.youtube.com/watch?v=dQw4w9WgXcQ
63,Dips,Chest,Compound,Bodyweight,Intermediate,6,Muscle Gain,3-4,8-12,60,20-50,https://www.youtube.com/watch?v=dQw4w9WgXcQ
64,Dips,Chest,Compound,Bodyweight,Intermediate,6,Strength,3-4,8-12,60,20-50,https://www.youtube.com/watch?v=dQw4w9WgXcQ
180,Donkey Calf Raise,Calves,Isolation,Machine,Advanced,3.5,Muscle Gain,5,8-12,75,40-80,https://www.youtube.com/watch?v=dQw4w9WgXcQ
214,Dragon Flag,Core,Isolation,Bodyweight,Advanced,6,Muscle Gain,4,6-10,90,Bodyweight,https://www.youtube.com/watch?v=dQw4w9WgXcQ
59,Dumbbell Bench Press,Chest,Compound,Dumbbell,Intermediate,4.5,Muscle Gain,3-4,8-12,60,20-50,https://www.youtube.com/watch?v=dQw4w9WgXcQ
60,Dumbbell Bench Press,Chest,Compound,Dumbbell,Intermediate,4.5,Strength,3-4,8-12,60,20-50,https://www.youtube.com/watch?v=dQw4w9WgXcQ
233,Dumbbell Burpee,Full Body,Compound,Dumbbell,Intermediate,9,Fat Loss,4,10-12,45,10-15,https://www.youtube.com/watch?v=dQw4w9WgXcQ
190,Dumbbell Chest Fly,Chest,Isolation,Dumbbell,Intermediate,3.5,Fat Loss,3-4,15-20,45,10-20,https://www.youtube.com/watch?v=dQw4w9WgXcQ
186,Dumbbell Chest Press,Chest,Compound,Dumbbell,Beginner,3.8,Strength,3,8-10,75,10-25,https://www.youtube.com/watch?v=dQw4w9WgXcQ
236,Dumbbell Clean and Press,Full Body,Compound,Dumbbell,Intermediate,7,Muscle Gain,3-4,8-10,90,15-30,https://www.youtube.com/watch?v=dQw4w9WgXcQ
276,Dumbbell Cuban Press,Shoulders,Compound,Dumbbell,Advanced,5.5,Fat Loss,4,12-15,45,8-20,https://www.youtube.com/watch?v=dQw4w9WgXcQ
35,Dumbbell Curl,Arms,Isolation,Dumbbell,Beginner,3,Fat Loss,3-4,8-12,60,10-20,https://www.youtube.com/watch?v=dQw4w9WgXcQ
36,Dumbbell Curl,Arms,Isolation,Dumbbell,Beginner,3,Muscle Gain,3-4,8-12,60,10-20,https://www.youtube.com/watch?v=dQw4w9WgXcQ
223,Dumbbell Deadlift,Full Body,Compound,Dumbbell,Beginner,4.5,Muscle Gain,3,10-12,60,15-30,https://www.youtube.com/watch?v=dQw4w9WgXcQ
227,Dumbbell Farmer Carry,Full Body,Compound,Dumbbell,Beginner,5,Strength,3,30 sec,60,10-20,https://www.youtube.com/watch?v=dQw4w9WgXcQ
270,Dumbbell Lateral Raise,Shoulders,Isolation,Dumbbell,Intermediate,3.5,Fat Loss,3-4,15-20,40,8-15,https://www.youtube.com/watch?v=dQw4w9WgXcQ
250,Dumbbell Lunges,Legs,Compound,Dumbbell,Beginner,3.7,Strength,3,10-12,60,5-15,https://www.youtube.com/watch?v=dQw4w9WgXcQ
154,Dumbbell Meadows Row,Back,Compound,Dumbbell,Intermediate,5,Fat Loss,3-4,12-15,45,15-30,https://www.youtube.com/watch?v=dQw4w9WgXcQ
200,Dumbbell Pullover,Chest,Isolation,Dumbbell,Advanced,4,Muscle Gain,4,8-12,75,20-40,https://www.youtube.com/watch?v=dQw4w9WgXcQ
224,Dumbbell Romanian Deadlift,Full Body,Compound,Dumbbell,Beginner,4.5,Muscle Gain,3,10-12,60,15-30,https://www.youtube.com/watch?v=dQw4w9WgXcQ
71,Dumbbell Row,Back,Compound,Dumbbell,Intermediate,4.5,Muscle Gain,3-4,8-12,60,20-50,https://www.youtube.com/watch?v=dQw4w9WgXcQ
72,Dumbbell Row,Back,Compound,Dumbbell,Intermediate,4.5,Strength,3-4,8-12,60,20-50,https://www.youtube.com/watch?v=dQw4w9WgXcQ
29,Dumbbell Shoulder Press,Shoulders,Compound,Dumbbell,Beginner,4.5,Fat Loss,3-4,8-12,60,10-20,https://www.youtube.com/watch?v=dQw4w9WgXcQ
30,Dumbbell Shoulder Press,Shoulders,Compound,Dumbbell,Beginner,4,Muscle Gain,3-4,8-12,60,10-20,https://www.youtube.com/watch?v=dQw4w9WgXcQ
266,Dumbbell Shoulder Press,Shoulders,Compound,Dumbbell,Beginner,4,Strength,3,8-10,75,8-20,https://www.youtube.com/watch?v=dQw4w9WgXcQ
147,Dumbbell Single-Arm Row,Back,Compound,Dumbbell,Beginner,3.7,Strength,3,8-10,75,10-20,https://www.youtube.com/watch?v=dQw4w9WgXcQ
222,Dumbbell Squat to Press,Full Body,Compound,Dumbbell,Beginner,5.5,Muscle Gain,3,10-12,60,5-15,https://www.youtube.com/watch?v=dQw4w9WgXcQ
171,Dumbbell Standing Calf Raise,Calves,Isolation,Dumbbell,Intermediate,3,Muscle Gain,4,10-12,60,20-30,https://www.youtube.com/watch?v=dQw4w9WgXcQ
257,Dumbbell Step-Up,Legs,Compound,Dumbbell,Intermediate,5.5,Fat Loss,3-4,12-15,45,10-25,https://www.youtube.com/watch?v=dQw4w9WgXcQ
230,Dumbbell Thruster,Full Body,Compound,Dumbbell,Intermediate,8,Fat Loss,4,15-20,40,10-20,https://www.youtube.com/watch?v=dQw4w9WgXcQ
142,Dumbbell Zottman Curl,Arms,Isolation,Dumbbell,Advanced,3.5,Muscle Gain,3-4,8-10,75,10-25,https://www.youtube.com/watch?v=dQw4w9WgXcQ
315,Dynamic Lunge with Rotation,Full Body,Pre Workout,Bodyweight,Intermediate,5.5,Muscle Gain,3,12 each leg,20,Bodyweight,https://www.youtube.com/watch?v=dynamic-lunge-rotation
288,Elliptical Trainer,Full Body,Pre Workout,Elliptical Machine,Beginner,5,Fat Loss,1,10-15 min,0,Bodyweight,https://www.youtube.com/watch?v=elliptical-trainer
324,Elliptical Trainer - High Resistance,Full Body,Pre Workout,Elliptical Machine,Intermediate,7.5,Fat Loss,1,15-20 min,0,Bodyweight,https://www.youtube.com/watch?v=elliptical-high-resistance
168,Explosive Calf Jump,Calves,Compound,Bodyweight,Intermediate,8,Fat Loss,3-4,15-20,40,Bodyweight,https://www.youtube.com/watch?v=dQw4w9WgXcQ
110,Explosive Push-Up,Chest,Compound,Bodyweight,Advanced,8,Strength,3-4,8-12,60,50-100,https://www.youtube.com/watch?v=dQw4w9WgXcQ
335,Explosive Push-Up,Chest,Pre Workout,Bodyweight,Advanced,9,Strength,4,10-12,30,Bodyweight,https://www.youtube.com/watch?v=explosive-push-up
122,Explosive Shoulder Press,Shoulders,Compound,Barbell,Advanced,7.5,Strength,3-4,8-12,60,50-100,https://www.youtube.com/watch?v=dQw4w9WgXcQ
127,EZ Bar Curl,Arms,Isolation,Barbell,Beginner,3.5,Strength,3,8-10,75,10-20,https://www.youtube.com/watch?v=dQw4w9WgXcQ
93,Face Pull,Shoulders,Isolation,Cable,Intermediate,3.5,Muscle Gain,3-4,8-12,60,20-50,https://www.youtube.com/watch?v=dQw4w9WgXcQ
94,Face Pull,Shoulders,Isolation,Cable,Intermediate,3.5,Strength,3-4,8-12,60,20-50,https://www.youtube.com/watch?v=dQw4w9WgXcQ
126,Farmer’s Walk,Full Body,Compound,Dumbbell,Advanced,7.2,Strength,3-4,8-12,60,50-100,https://www.youtube.com/watch?v=dQw4w9WgXcQ
188,Floor Press,Chest,Compound,Dumbbell,Beginner,3.5,Strength,3,8-10,75,10-20,https://www.youtube.com/watch?v=dQw4w9WgXcQ
208,Flutter Kicks,Core,Isolation,Bodyweight,Intermediate,4,Fat Loss,3-4,30 sec,40,Bodyweight,https://www.youtube.com/watch?v=dQw4w9WgXcQ
33,Front Raise,Shoulders,Isolation,Dumbbell,Beginner,3,Fat Loss,3-4,8-12,60,10-20,https://www.youtube.com/watch?v=dQw4w9WgXcQ
34,Front Raise,Shoulders,Isolation,Dumbbell,Beginner,3,Muscle Gain,3-4,8-12,60,10-20,https://www.youtube.com/watch?v=dQw4w9WgXcQ
77,Front Squat,Legs,Compound,Barbell,Intermediate,6,Muscle Gain,3-4,8-12,60,20-50,https://www.youtube.com/watch?v=dQw4w9WgXcQ
78,Front Squat,Legs,Compound,Barbell,Intermediate,6,Strength,3-4,8-12,60,20-50,https://www.youtube.com/watch?v=dQw4w9WgXcQ
27,Glute Bridge,Legs,Compound,Bodyweight,Beginner,3.5,Fat Loss,3-4,8-12,60,Bodyweight,https://www.youtube.com/watch?v=dQw4w9WgXcQ
28,Glute Bridge,Legs,Compound,Bodyweight,Beginner,3,Muscle Gain,3-4,8-12,60,Bodyweight,https://www.youtube.com/watch?v=dQw4w9WgXcQ
205,Glute Bridge Hold,Core,Isolation,Bodyweight,Beginner,3,Strength,3,30-45 sec,60,Bodyweight,https://www.youtube.com/watch?v=dQw4w9WgXcQ
317,Glute Bridge March,Glutes,Pre Workout,Bodyweight,Intermediate,4,Muscle Gain,3,20 alternating,20,Bodyweight,https://www.youtube.com/watch?v=glute-bridge-march
226,Goblet Squat,Full Body,Compound,Dumbbell,Beginner,4.5,Strength,3,10-12,60,10-20,https://www.youtube.com/watch?v=dQw4w9WgXcQ
19,Goblet Squat,Legs,Compound,Dumbbell,Beginner,5,Fat Loss,3-4,8-12,60,10-20,https://www.youtube.com/watch?v=dQw4w9WgXcQ
20,Goblet Squat,Legs,Compound,Dumbbell,Beginner,4.5,Muscle Gain,3-4,8-12,60,10-20,https://www.youtube.com/watch?v=dQw4w9WgXcQ
116,Hack Squat,Legs,Compound,Machine,Advanced,7,Strength,3-4,8-12,60,50-100,https://www.youtube.com/watch?v=dQw4w9WgXcQ
37,Hammer Curl,Arms,Isolation,Dumbbell,Beginner,3,Fat Loss,3-4,8-12,60,10-20,https://www.youtube.com/watch?v=dQw4w9WgXcQ
38,Hammer Curl,Arms,Isolation,Dumbbell,Beginner,3,Muscle Gain,3-4,8-12,60,10-20,https://www.youtube.com/watch?v=dQw4w9WgXcQ
348,Hang Clean (Light),Full Body,Pre Workout,Barbell,Advanced,8,Strength,4,5,60,30-50,https://www.youtube.com/watch?v=hang-clean-light
103,Hanging Leg Raise,Core,Isolation,Bodyweight,Intermediate,4.5,Muscle Gain,3-4,8-12,60,20-50,https://www.youtube.com/watch?v=dQw4w9WgXcQ
104,Hanging Leg Raise,Core,Isolation,Bodyweight,Intermediate,4.5,Strength,3-4,8-12,60,20-50,https://www.youtube.com/watch?v=dQw4w9WgXcQ
217,Hanging Windshield Wiper,Core,Isolation,Bodyweight,Advanced,6,Muscle Gain,4,8-10,90,Bodyweight,https://www.youtube.com/watch?v=dQw4w9WgXcQ
181,Heavy Leg Press Calf Raise,Calves,Isolation,Machine,Advanced,3.5,Muscle Gain,4-5,6-10,90,60-120,https://www.youtube.com/watch?v=dQw4w9WgXcQ
121,Heavy Overhead Press,Shoulders,Compound,Barbell,Advanced,7,Strength,3-4,8-12,60,50-100,https://www.youtube.com/watch?v=dQw4w9WgXcQ
290,High Knees,Full Body,Pre Workout,Bodyweight,Beginner,8,Fat Loss,3,30 sec,20,Bodyweight,https://www.youtube.com/watch?v=high-knees
322,Hip 90-90 Stretch,Hips,Pre Workout,Bodyweight,Intermediate,2.5,Strength,3,10 each side,15,Bodyweight,https://www.youtube.com/watch?v=hip-90-90-stretch
295,Hip Circles,Hips,Pre Workout,Bodyweight,Beginner,2.5,Strength,2,15 each direction,15,Bodyweight,https://www.youtube.com/watch?v=hip-circles
85,Hip Thrust,Legs,Compound,Barbell,Intermediate,5,Muscle Gain,3-4,8-12,60,20-50,https://www.youtube.com/watch?v=dQw4w9WgXcQ
86,Hip Thrust,Legs,Compound,Barbell,Intermediate,5,Strength,3-4,8-12,60,20-50,https://www.youtube.com/watch?v=dQw4w9WgXcQ
345,Hurdle Drills,Full Body,Pre Workout,Hurdles,Advanced,10,Fat Loss,4,10 hurdles,40,Bodyweight,https://www.youtube.com/watch?v=hurdle-drills
301,Inchworm Stretch,Full Body,Pre Workout,Bodyweight,Beginner,3,Strength,2,8-10,20,Bodyweight,https://www.youtube.com/watch?v=inchworm-stretch
199,Incline Barbell Bench Press,Chest,Compound,Barbell,Advanced,6,Muscle Gain,4,6-10,90,50-100,https://www.youtube.com/watch?v=dQw4w9WgXcQ
57,Incline Bench Press,Chest,Compound,Barbell,Intermediate,4.5,Muscle Gain,3-4,8-12,60,20-50,https://www.youtube.com/watch?v=dQw4w9WgXcQ
58,Incline Bench Press,Chest,Compound,Barbell,Intermediate,4.5,Strength,3-4,8-12,60,20-50,https://www.youtube.com/watch?v=dQw4w9WgXcQ
192,Incline Cable Fly,Chest,Isolation,Cable,Intermediate,3.5,Fat Loss,3-4,15-20,45,10-20,https://www.youtube.com/watch?v=dQw4w9WgXcQ
137,Incline Dumbbell Curl,Arms,Isolation,Dumbbell,Advanced,3.5,Fat Loss,4,12-15,45,10-25,https://www.youtube.com/watch?v=dQw4w9WgXcQ
3,Incline Push-Up,Chest,Compound,Bodyweight,Beginner,3.5,Fat Loss,3-4,8-12,60,Bodyweight,https://www.youtube.com/watch?v=dQw4w9WgXcQ
4,Incline Push-Up,Chest,Compound,Bodyweight,Beginner,3,Muscle Gain,3-4,8-12,60,Bodyweight,https://www.youtube.com/watch?v=dQw4w9WgXcQ
153,Inverted Row,Back,Compound,Bodyweight,Intermediate,5,Fat Loss,3-4,12-15,45,Bodyweight,https://www.youtube.com/watch?v=dQw4w9WgXcQ
229,Inverted Row,Full Body,Compound,Bodyweight,Beginner,3.7,Strength,3,8-12,60,Bodyweight,https://www.youtube.com/watch?v=dQw4w9WgXcQ
141,JM Press,Arms,Isolation,Barbell,Advanced,4,Muscle Gain,4,6-8,90,30-60,https://www.youtube.com/watch?v=dQw4w9WgXcQ
218,Jumping Jacks,Full Body,Compound,Bodyweight,Beginner,7.7,Fat Loss,3,30 sec,30,Bodyweight,https://www.youtube.com/watch?v=dQw4w9WgXcQ
292,Jumping Jacks,Full Body,Pre Workout,Bodyweight,Beginner,8,Fat Loss,3,30-45 sec,20,Bodyweight,https://www.youtube.com/watch?v=jumping-jacks
256,Jump Lunge,Legs,Compound,Bodyweight,Intermediate,8,Fat Loss,4,12-15,40,Bodyweight,https://www.youtube.com/watch?v=dQw4w9WgXcQ
167,Jump Rope,Calves,Compound,Bodyweight,Intermediate,11,Fat Loss,4,60 sec,30,Bodyweight,https://www.youtube.com/watch?v=dQw4w9WgXcQ
289,Jump Rope,Full Body,Pre Workout,Jump Rope,Beginner,11,Fat Loss,3,2-3 min,30,Bodyweight,https://www.youtube.com/watch?v=jump-rope
313,Jump Rope - Double Unders,Full Body,Pre Workout,Jump Rope,Intermediate,12.3,Fat Loss,4,2-3 min,30,Bodyweight,https://www.youtube.com/watch?v=jump-rope-double-unders
258,Jump Squat,Legs,Compound,Bodyweight,Advanced,9,Fat Loss,4,15-20,40,Bodyweight,https://www.youtube.com/watch?v=dQw4w9WgXcQ
125,Kettlebell Swing,Full Body,Compound,Kettlebell,Advanced,9.5,Strength,3-4,8-12,60,50-100,https://www.youtube.com/watch?v=dQw4w9WgXcQ
231,Kettlebell Swing,Full Body,Compound,Kettlebell,Intermediate,9,Fat Loss,4,20-25,40,16-24,https://www.youtube.com/watch?v=dQw4w9WgXcQ
337,Kettlebell Swing Warm-Up,Full Body,Pre Workout,Kettlebell,Advanced,9.8,Strength,4,15-20,30,16,https://www.youtube.com/watch?v=kettlebell-swing-warmup
316,Lateral Band Walks,Hips,Pre Workout,Resistance Band,Intermediate,4.5,Muscle Gain,3,15 each direction,20,Bodyweight,https://www.youtube.com/watch?v=lateral-band-walks
255,Lateral Lunge,Legs,Compound,Dumbbell,Intermediate,5.5,Fat Loss,3-4,12-15,45,10-20,https://www.youtube.com/watch?v=dQw4w9WgXcQ
31,Lateral Raise,Shoulders,Isolation,Dumbbell,Beginner,3,Fat Loss,3-4,8-12,60,10-20,https://www.youtube.com/watch?v=dQw4w9WgXcQ
32,Lateral Raise,Shoulders,Isolation,Dumbbell,Beginner,3,Muscle Gain,3-4,8-12,60,10-20,https://www.youtube.com/watch?v=dQw4w9WgXcQ
306,Lateral Shuffles,Legs,Pre Workout,Bodyweight,Beginner,5.5,Fat Loss,3,30 sec,20,Bodyweight,https://www.youtube.com/watch?v=lateral-shuffles
11,Lat Pulldown,Back,Compound,Machine,Beginner,4.5,Fat Loss,3-4,8-12,60,10-20,https://www.youtube.com/watch?v=dQw4w9WgXcQ
12,Lat Pulldown,Back,Compound,Machine,Beginner,4,Muscle Gain,3-4,8-12,60,10-20,https://www.youtube.com/watch?v=dQw4w9WgXcQ
25,Leg Curl,Legs,Isolation,Machine,Beginner,3,Fat Loss,3-4,8-12,60,10-20,https://www.youtube.com/watch?v=dQw4w9WgXcQ
26,Leg Curl,Legs,Isolation,Machine,Beginner,3,Muscle Gain,3-4,8-12,60,10-20,https://www.youtube.com/watch?v=dQw4w9WgXcQ
23,Leg Extension,Legs,Isolation,Machine,Beginner,3,Fat Loss,3-4,8-12,60,10-20,https://www.youtube.com/watch?v=dQw4w9WgXcQ
24,Leg Extension,Legs,Isolation,Machine,Beginner,3,Muscle Gain,3-4,8-12,60,10-20,https://www.youtube.com/watch?v=dQw4w9WgXcQ
21,Leg Press,Legs,Compound,Machine,Beginner,4,Fat Loss,3-4,8-12,60,10-20,https://www.youtube.com/watch?v=dQw4w9WgXcQ
22,Leg Press,Legs,Compound,Machine,Beginner,3.5,Muscle Gain,3-4,8-12,60,10-20,https://www.youtube.com/watch?v=dQw4w9WgXcQ
170,Leg Press Calf Raise,Calves,Isolation,Machine,Intermediate,3,Muscle Gain,4,10-15,60,30-60,https://www.youtube.com/watch?v=dQw4w9WgXcQ
49,Leg Raise,Core,Isolation,Bodyweight,Beginner,3.5,Fat Loss,3-4,8-12,60,Bodyweight,https://www.youtube.com/watch?v=dQw4w9WgXcQ
50,Leg Raise,Core,Isolation,Bodyweight,Beginner,3.5,Muscle Gain,3-4,8-12,60,Bodyweight,https://www.youtube.com/watch?v=dQw4w9WgXcQ
294,Leg Swings,Legs,Pre Workout,Bodyweight,Beginner,2.8,Strength,2,15 each leg,15,Bodyweight,https://www.youtube.com/watch?v=leg-swings
184,Loaded Donkey Calf Raise,Calves,Isolation,Machine,Advanced,4,Strength,4-5,5-8,120,60-120,https://www.youtube.com/watch?v=dQw4w9WgXcQ
79,Lunges,Legs,Compound,Bodyweight,Intermediate,5.5,Muscle Gain,3-4,8-12,60,20-50,https://www.youtube.com/watch?v=dQw4w9WgXcQ
80,Lunges,Legs,Compound,Bodyweight,Intermediate,5.5,Strength,3-4,8-12,60,20-50,https://www.youtube.com/watch?v=dQw4w9WgXcQ
5,Machine Chest Press,Chest,Compound,Machine,Beginner,4,Fat Loss,3-4,8-12,60,10-20,https://www.youtube.com/watch?v=dQw4w9WgXcQ
6,Machine Chest Press,Chest,Compound,Machine,Beginner,3.5,Muscle Gain,3-4,8-12,60,10-20,https://www.youtube.com/watch?v=dQw4w9WgXcQ
15,Machine Row,Back,Compound,Machine,Beginner,4,Fat Loss,3-4,8-12,60,10-20,https://www.youtube.com/watch?v=dQw4w9WgXcQ
16,Machine Row,Back,Compound,Machine,Beginner,3.5,Muscle Gain,3-4,8-12,60,10-20,https://www.youtube.com/watch?v=dQw4w9WgXcQ
267,Machine Shoulder Press,Shoulders,Compound,Machine,Beginner,3.5,Strength,3,10-12,60,10-20,https://www.youtube.com/watch?v=dQw4w9WgXcQ
163,Machine Standing Calf Raise,Calves,Isolation,Machine,Beginner,3,Strength,3,10-12,60,20-40,https://www.youtube.com/watch?v=dQw4w9WgXcQ
232,Man Maker,Full Body,Compound,Dumbbell,Intermediate,9.5,Fat Loss,4,8-10,45,10-20,https://www.youtube.com/watch?v=dQw4w9WgXcQ
197,Medicine Ball Push-Up,Chest,Compound,Bodyweight,Advanced,7,Fat Loss,4,12-15,40,Bodyweight,https://www.youtube.com/watch?v=dQw4w9WgXcQ
338,Medicine Ball Slam,Full Body,Pre Workout,Medicine Ball,Advanced,9.5,Fat Loss,4,10-12,30,6-8,https://www.youtube.com/watch?v=medicine-ball-slam
311,Moderate Pace Cycling,Lower Body,Pre Workout,Stationary Bike,Intermediate,8,Fat Loss,1,15-20 min,0,Bodyweight,https://www.youtube.com/watch?v=moderate-cycling
207,Mountain Climbers,Core,Compound,Bodyweight,Intermediate,8,Fat Loss,4,30 sec,35,Bodyweight,https://www.youtube.com/watch?v=dQw4w9WgXcQ
158,Muscle-Up,Back,Compound,Bodyweight,Advanced,10,Fat Loss,4,6-10,60,Bodyweight,https://www.youtube.com/watch?v=dQw4w9WgXcQ
248,Muscle-Up,Full Body,Compound,Bodyweight,Advanced,9,Muscle Gain,4,5-8,120,Bodyweight,https://www.youtube.com/watch?v=dQw4w9WgXcQ
296,Neck Rolls,Neck,Pre Workout,Bodyweight,Beginner,1.5,Strength,2,10 each direction,10,Bodyweight,https://www.youtube.com/watch?v=neck-rolls
264,Nordic Hamstring Curl,Legs,Isolation,Bodyweight,Advanced,5,Muscle Gain,4,5-8,90,Bodyweight,https://www.youtube.com/watch?v=dQw4w9WgXcQ
287,Outdoor Cycling,Lower Body,Pre Workout,Bicycle,Beginner,6.8,Fat Loss,1,10-20 min,0,Bodyweight,https://www.youtube.com/watch?v=outdoor-cycling
87,Overhead Barbell Press,Shoulders,Compound,Barbell,Intermediate,5.5,Muscle Gain,3-4,8-12,60,20-50,https://www.youtube.com/watch?v=dQw4w9WgXcQ
88,Overhead Barbell Press,Shoulders,Compound,Barbell,Intermediate,5.5,Strength,3-4,8-12,60,20-50,https://www.youtube.com/watch?v=dQw4w9WgXcQ
43,Overhead Cable Extension,Arms,Isolation,Cable,Beginner,3,Fat Loss,3-4,8-12,60,10-20,https://www.youtube.com/watch?v=dQw4w9WgXcQ
44,Overhead Cable Extension,Arms,Isolation,Cable,Beginner,3.3,Muscle Gain,3-4,8-12,60,10-20,https://www.youtube.com/watch?v=dQw4w9WgXcQ
249,Overhead Squat,Full Body,Compound,Barbell,Advanced,7.5,Muscle Gain,4,5-8,120,40-80,https://www.youtube.com/watch?v=dQw4w9WgXcQ
212,Pallof Press,Core,Isolation,Cable,Advanced,4,Fat Loss,4,15-20,40,10-25,https://www.youtube.com/watch?v=dQw4w9WgXcQ
185,Pause Calf Raise,Calves,Isolation,Barbell,Advanced,4,Strength,4,5-8,120,60-100,https://www.youtube.com/watch?v=dQw4w9WgXcQ
7,Pec Deck Machine,Chest,Isolation,Machine,Beginner,3,Fat Loss,3-4,8-12,60,10-20,https://www.youtube.com/watch?v=dQw4w9WgXcQ
8,Pec Deck Machine,Chest,Isolation,Machine,Beginner,3.3,Muscle Gain,3-4,8-12,60,10-20,https://www.youtube.com/watch?v=dQw4w9WgXcQ
156,Pendlay Row,Back,Compound,Barbell,Advanced,6,Fat Loss,4,10-12,50,40-80,https://www.youtube.com/watch?v=dQw4w9WgXcQ
261,Pistol Squat,Legs,Compound,Bodyweight,Advanced,8,Fat Loss,4,6-10,60,Bodyweight,https://www.youtube.com/watch?v=dQw4w9WgXcQ
45,Plank,Core,Isolation,Bodyweight,Beginner,3.5,Fat Loss,3-4,8-12,60,Bodyweight,https://www.youtube.com/watch?v=dQw4w9WgXcQ
46,Plank,Core,Isolation,Bodyweight,Beginner,3.5,Muscle Gain,3-4,8-12,60,Bodyweight,https://www.youtube.com/watch?v=dQw4w9WgXcQ
202,Plank,Core,Isolation,Bodyweight,Beginner,3.7,Strength,3,30-60 sec,60,Bodyweight,https://www.youtube.com/watch?v=dQw4w9WgXcQ
328,Plank to Downward Dog,Full Body,Pre Workout,Bodyweight,Intermediate,4,Strength,3,10,20,Bodyweight,https://www.youtube.com/watch?v=plank-to-downward-dog
179,Plyometric Calf Jump,Calves,Compound,Bodyweight,Advanced,8.5,Fat Loss,4,15-20,35,Bodyweight,https://www.youtube.com/watch?v=dQw4w9WgXcQ
336,Plyometric Lateral Bounds,Legs,Pre Workout,Bodyweight,Advanced,10.5,Fat Loss,4,10 each side,30,Bodyweight,https://www.youtube.com/watch?v=plyometric-lateral-bounds
194,Plyometric Push-Up,Chest,Compound,Bodyweight,Advanced,8,Fat Loss,4,15-20,40,Bodyweight,https://www.youtube.com/watch?v=dQw4w9WgXcQ
117,Power Clean,Full Body,Compound,Barbell,Advanced,9.5,Strength,3-4,8-12,60,50-100,https://www.youtube.com/watch?v=dQw4w9WgXcQ
97,Preacher Curl,Arms,Isolation,Machine,Intermediate,3.5,Muscle Gain,3-4,8-12,60,20-50,https://www.youtube.com/watch?v=dQw4w9WgXcQ
98,Preacher Curl,Arms,Isolation,Machine,Intermediate,3.5,Strength,3-4,8-12,60,20-50,https://www.youtube.com/watch?v=dQw4w9WgXcQ
65,Pull-Up,Back,Compound,Bodyweight,Intermediate,6,Muscle Gain,3-4,8-12,60,20-50,https://www.youtube.com/watch?v=dQw4w9WgXcQ
66,Pull-Up,Back,Compound,Bodyweight,Intermediate,6,Strength,3-4,8-12,60,20-50,https://www.youtube.com/watch?v=dQw4w9WgXcQ
278,Push Press,Shoulders,Compound,Barbell,Advanced,7,Muscle Gain,4-5,6-8,90,40-80,https://www.youtube.com/watch?v=dQw4w9WgXcQ
1,Push-Up,Chest,Compound,Bodyweight,Beginner,4.5,Fat Loss,3-4,8-12,60,Bodyweight,https://www.youtube.com/watch?v=dQw4w9WgXcQ
2,Push-Up,Chest,Compound,Bodyweight,Beginner,3.8,Muscle Gain,3-4,8-12,60,Bodyweight,https://www.youtube.com/watch?v=dQw4w9WgXcQ
191,Push-Up to Renegade Row,Chest,Compound,Bodyweight,Intermediate,6.5,Fat Loss,3-4,10-12,45,Bodyweight,https://www.youtube.com/watch?v=dQw4w9WgXcQ
113,Rack Pull,Back,Compound,Barbell,Advanced,7.5,Strength,3-4,8-12,60,50-100,https://www.youtube.com/watch?v=dQw4w9WgXcQ
350,Reactive Cone Drills,Full Body,Pre Workout,Cones,Advanced,11,Fat Loss,5,30 sec,30,Bodyweight,https://www.youtube.com/watch?v=reactive-cone-drills
91,Rear Delt Fly,Shoulders,Isolation,Dumbbell,Intermediate,3.5,Muscle Gain,3-4,8-12,60,20-50,https://www.youtube.com/watch?v=dQw4w9WgXcQ
92,Rear Delt Fly,Shoulders,Isolation,Dumbbell,Intermediate,3.5,Strength,3-4,8-12,60,20-50,https://www.youtube.com/watch?v=dQw4w9WgXcQ
152,Renegade Row,Back,Compound,Dumbbell,Intermediate,6.5,Fat Loss,3-4,10-12,45,10-20,https://www.youtube.com/watch?v=dQw4w9WgXcQ
187,Resistance Band Chest Press,Chest,Compound,Bodyweight,Beginner,3.9,Strength,3,12-15,60,Bodyweight,https://www.youtube.com/watch?v=dQw4w9WgXcQ
130,Resistance Band Curl,Arms,Isolation,Bodyweight,Beginner,3,Strength,3,12-15,60,Bodyweight,https://www.youtube.com/watch?v=dQw4w9WgXcQ
268,Resistance Band Lateral Raise,Shoulders,Isolation,Bodyweight,Beginner,3,Strength,3,12-15,60,Bodyweight,https://www.youtube.com/watch?v=dQw4w9WgXcQ
148,Resistance Band Row,Back,Compound,Bodyweight,Beginner,3.9,Strength,3,12-15,60,Bodyweight,https://www.youtube.com/watch?v=dQw4w9WgXcQ
225,Resistance Band Squat Press,Full Body,Compound,Bodyweight,Beginner,5,Muscle Gain,3,12-15,60,Bodyweight,https://www.youtube.com/watch?v=dQw4w9WgXcQ
341,Resisted Sprint with Band,Full Body,Pre Workout,Resistance Band,Advanced,13,Fat Loss,5,20 meters,60,Bodyweight,https://www.youtube.com/watch?v=resisted-sprint-band
146,Reverse Barbell Curl,Arms,Isolation,Barbell,Advanced,4,Strength,4,6-8,90,20-50,https://www.youtube.com/watch?v=dQw4w9WgXcQ
83,Romanian Deadlift,Back,Compound,Barbell,Intermediate,5.5,Muscle Gain,3-4,8-12,60,20-50,https://www.youtube.com/watch?v=dQw4w9WgXcQ
84,Romanian Deadlift,Back,Compound,Barbell,Intermediate,5.5,Strength,3-4,8-12,60,20-50,https://www.youtube.com/watch?v=dQw4w9WgXcQ
131,Rope Tricep Pushdown,Arms,Isolation,Cable,Intermediate,3.5,Fat Loss,3-4,15-20,40,10-20,https://www.youtube.com/watch?v=dQw4w9WgXcQ
312,Rowing Machine,Full Body,Pre Workout,Rowing Machine,Intermediate,7,Fat Loss,1,15-20 min,0,Bodyweight,https://www.youtube.com/watch?v=rowing-machine
332,Rowing Machine Sprint,Full Body,Pre Workout,Rowing Machine,Advanced,12,Fat Loss,5,500 meters,60,Bodyweight,https://www.youtube.com/watch?v=rowing-sprint
107,Russian Twist,Core,Isolation,Bodyweight,Intermediate,4,Muscle Gain,3-4,8-12,60,20-50,https://www.youtube.com/watch?v=dQw4w9WgXcQ
108,Russian Twist,Core,Isolation,Bodyweight,Intermediate,4,Strength,3-4,8-12,60,20-50,https://www.youtube.com/watch?v=dQw4w9WgXcQ
237,Sandbag Squat,Full Body,Compound,Bodyweight,Intermediate,5.8,Muscle Gain,4,8-12,75,20-40,https://www.youtube.com/watch?v=dQw4w9WgXcQ
318,Scapular Push-Ups,Shoulders,Pre Workout,Bodyweight,Intermediate,3.8,Strength,3,15,20,Bodyweight,https://www.youtube.com/watch?v=scapular-push-ups
162,Seal Row,Back,Compound,Barbell,Advanced,5.5,Muscle Gain,4,8-10,90,40-80,https://www.youtube.com/watch?v=dQw4w9WgXcQ
13,Seated Cable Row,Back,Compound,Cable,Beginner,4,Fat Loss,3-4,8-12,60,10-20,https://www.youtube.com/watch?v=dQw4w9WgXcQ
14,Seated Cable Row,Back,Compound,Cable,Beginner,3.5,Muscle Gain,3-4,8-12,60,10-20,https://www.youtube.com/watch?v=dQw4w9WgXcQ
53,Seated Calf Raise,Calves,Isolation,Machine,Beginner,3.3,Fat Loss,3-4,8-12,60,10-20,https://www.youtube.com/watch?v=dQw4w9WgXcQ
54,Seated Calf Raise,Calves,Isolation,Machine,Beginner,3,Muscle Gain,3-4,8-12,60,10-20,https://www.youtube.com/watch?v=dQw4w9WgXcQ
279,Seated Dumbbell Press,Shoulders,Compound,Dumbbell,Advanced,5,Muscle Gain,4,6-10,90,20-40,https://www.youtube.com/watch?v=dQw4w9WgXcQ
305,Shadow Boxing,Full Body,Pre Workout,Bodyweight,Beginner,7.8,Fat Loss,3,2 min,30,Bodyweight,https://www.youtube.com/watch?v=shadow-boxing
297,Shoulder Rolls,Shoulders,Pre Workout,Bodyweight,Beginner,1.8,Strength,2,10 each direction,10,Bodyweight,https://www.youtube.com/watch?v=shoulder-rolls
164,Single-Leg Bodyweight Calf Raise,Calves,Isolation,Bodyweight,Beginner,3,Strength,3,12-15,60,Bodyweight,https://www.youtube.com/watch?v=dQw4w9WgXcQ
173,Single-Leg Seated Calf Raise,Calves,Isolation,Machine,Intermediate,3,Muscle Gain,3-4,12-15,60,15-30,https://www.youtube.com/watch?v=dQw4w9WgXcQ
182,Single-Leg Standing Barbell Calf Raise,Calves,Isolation,Barbell,Advanced,3.5,Muscle Gain,4,8-10,75,30-60,https://www.youtube.com/watch?v=dQw4w9WgXcQ
320,Skipping with Arm Drive,Full Body,Pre Workout,Bodyweight,Intermediate,8.5,Fat Loss,4,40 sec,20,Bodyweight,https://www.youtube.com/watch?v=skipping-arm-drive
99,Skull Crusher,Arms,Isolation,Barbell,Intermediate,3.5,Muscle Gain,3-4,8-12,60,20-50,https://www.youtube.com/watch?v=dQw4w9WgXcQ
100,Skull Crusher,Arms,Isolation,Barbell,Intermediate,3.5,Strength,3-4,8-12,60,20-50,https://www.youtube.com/watch?v=dQw4w9WgXcQ
260,Sled Push,Legs,Compound,Machine,Advanced,10,Fat Loss,4,30 sec,40,50-100,https://www.youtube.com/watch?v=dQw4w9WgXcQ
189,Smith Machine Bench Press,Chest,Compound,Machine,Beginner,3.8,Strength,3,8-12,75,20-40,https://www.youtube.com/watch?v=dQw4w9WgXcQ
172,Smith Machine Calf Raise,Calves,Isolation,Machine,Intermediate,3,Muscle Gain,4,10-12,60,30-60,https://www.youtube.com/watch?v=dQw4w9WgXcQ
119,Snatch,Full Body,Compound,Barbell,Advanced,11,Strength,3-4,8-12,60,50-100,https://www.youtube.com/watch?v=dQw4w9WgXcQ
140,Spider Curl,Arms,Isolation,Barbell,Advanced,3.5,Muscle Gain,4,8-10,75,20-40,https://www.youtube.com/watch?v=dQw4w9WgXcQ
193,Spiderman Push-Up,Chest,Compound,Bodyweight,Intermediate,5.5,Fat Loss,3-4,12-15,45,Bodyweight,https://www.youtube.com/watch?v=dQw4w9WgXcQ
339,Sprint Drills - A-Skip,Full Body,Pre Workout,Bodyweight,Advanced,9,Fat Loss,4,30 meters,30,Bodyweight,https://www.youtube.com/watch?v=a-skip-drill
340,Sprint Drills - B-Skip,Full Body,Pre Workout,Bodyweight,Advanced,9.5,Fat Loss,4,30 meters,30,Bodyweight,https://www.youtube.com/watch?v=b-skip-drill
178,Sprint Intervals,Calves,Compound,Bodyweight,Advanced,13,Fat Loss,6,30 sec,30,Bodyweight,https://www.youtube.com/watch?v=dQw4w9WgXcQ
304,Stair Climbing,Lower Body,Pre Workout,Stair Climber,Beginner,4,Fat Loss,1,10-15 min,0,Bodyweight,https://www.youtube.com/watch?v=stair-climbing
325,Stair Climbing - Fast Pace,Lower Body,Pre Workout,Stair Climber,Intermediate,6,Fat Loss,1,15-20 min,0,Bodyweight,https://www.youtube.com/watch?v=stair-climbing-fast
169,Stair Running,Calves,Compound,Bodyweight,Intermediate,10,Fat Loss,4,60 sec,40,Bodyweight,https://www.youtube.com/watch?v=dQw4w9WgXcQ
51,Standing Calf Raise,Calves,Isolation,Bodyweight,Beginner,3,Fat Loss,3-4,8-12,60,Bodyweight,https://www.youtube.com/watch?v=dQw4w9WgXcQ
52,Standing Calf Raise,Calves,Isolation,Bodyweight,Beginner,3,Muscle Gain,3-4,8-12,60,Bodyweight,https://www.youtube.com/watch?v=dQw4w9WgXcQ
286,Stationary Cycling,Lower Body,Pre Workout,Stationary Bike,Beginner,5.5,Fat Loss,1,10-15 min,0,Bodyweight,https://www.youtube.com/watch?v=stationary-cycling
165,Step Calf Raise,Calves,Isolation,Bodyweight,Beginner,3,Strength,3,15-20,60,Bodyweight,https://www.youtube.com/watch?v=dQw4w9WgXcQ
220,Step-Up,Full Body,Compound,Bodyweight,Beginner,4.5,Fat Loss,3,12-15,45,Bodyweight,https://www.youtube.com/watch?v=dQw4w9WgXcQ
252,Step-Up with Dumbbell,Legs,Compound,Dumbbell,Beginner,3.7,Strength,3,10-12,60,5-15,https://www.youtube.com/watch?v=dQw4w9WgXcQ
228,Suitcase Deadlift,Full Body,Compound,Dumbbell,Beginner,4.5,Strength,3,8-10,75,15-30,https://www.youtube.com/watch?v=dQw4w9WgXcQ
115,Sumo Deadlift,Back,Compound,Barbell,Advanced,7.5,Strength,3-4,8-12,60,50-100,https://www.youtube.com/watch?v=dQw4w9WgXcQ
240,Sumo Deadlift,Full Body,Compound,Barbell,Intermediate,6.5,Strength,4,5-8,120,60-120,https://www.youtube.com/watch?v=dQw4w9WgXcQ
253,Sumo Squat,Legs,Compound,Dumbbell,Beginner,3.9,Strength,3,12-15,60,10-20,https://www.youtube.com/watch?v=dQw4w9WgXcQ
150,Superman Hold,Back,Isolation,Bodyweight,Beginner,3,Strength,3,30 sec,60,Bodyweight,https://www.youtube.com/watch?v=dQw4w9WgXcQ
159,T-Bar Row,Back,Compound,Barbell,Advanced,5.5,Muscle Gain,4,6-10,90,40-100,https://www.youtube.com/watch?v=dQw4w9WgXcQ
73,T-Bar Row,Back,Compound,Machine,Intermediate,5,Muscle Gain,3-4,8-12,60,20-50,https://www.youtube.com/watch?v=dQw4w9WgXcQ
74,T-Bar Row,Back,Compound,Machine,Intermediate,5,Strength,3-4,8-12,60,20-50,https://www.youtube.com/watch?v=dQw4w9WgXcQ
319,Thoracic Spine Rotations,Spine,Pre Workout,Bodyweight,Intermediate,3,Strength,3,10 each side,15,Bodyweight,https://www.youtube.com/watch?v=thoracic-rotation
120,Thruster,Full Body,Compound,Barbell,Advanced,9,Strength,3-4,8-12,60,50-100,https://www.youtube.com/watch?v=dQw4w9WgXcQ
176,Tibialis Raise,Calves,Isolation,Bodyweight,Intermediate,3,Strength,3,15-20,60,Bodyweight,https://www.youtube.com/watch?v=dQw4w9WgXcQ
210,Toes to Bar,Core,Isolation,Bodyweight,Advanced,5.5,Fat Loss,4,12-15,45,Bodyweight,https://www.youtube.com/watch?v=dQw4w9WgXcQ
298,Torso Twists,Core,Pre Workout,Bodyweight,Beginner,2.8,Strength,2,20 each side,15,Bodyweight,https://www.youtube.com/watch?v=torso-twists
238,Trap Bar Deadlift,Full Body,Compound,Barbell,Intermediate,6.5,Strength,4,5-8,120,60-120,https://www.youtube.com/watch?v=dQw4w9WgXcQ
310,Treadmill Incline Running,Full Body,Pre Workout,Treadmill,Intermediate,11,Fat Loss,1,15-20 min,0,Bodyweight,https://www.youtube.com/watch?v=treadmill-incline-running
284,Treadmill Incline Walking,Full Body,Pre Workout,Treadmill,Beginner,5,Fat Loss,1,10-15 min,0,Bodyweight,https://www.youtube.com/watch?v=treadmill-incline-walking
283,Treadmill Jogging,Full Body,Pre Workout,Treadmill,Beginner,7,Fat Loss,1,10-15 min,0,Bodyweight,https://www.youtube.com/watch?v=treadmill-jogging
309,Treadmill Running,Full Body,Pre Workout,Treadmill,Intermediate,9.8,Fat Loss,1,15-20 min,0,Bodyweight,https://www.youtube.com/watch?v=treadmill-running
330,Treadmill Sprint Intervals,Full Body,Pre Workout,Treadmill,Advanced,14.5,Fat Loss,6-8,30 sec sprint / 30 sec walk,30,Bodyweight,https://www.youtube.com/watch?v=treadmill-sprint-intervals
282,Treadmill Walking,Full Body,Pre Workout,Treadmill,Beginner,3.5,Fat Loss,1,10-15 min,0,Bodyweight,https://www.youtube.com/watch?v=treadmill-walking
135,Tricep Dips,Arms,Compound,Bodyweight,Advanced,7,Fat Loss,4,15-20,40,Bodyweight,https://www.youtube.com/watch?v=dQw4w9WgXcQ
133,Tricep Kickback,Arms,Isolation,Dumbbell,Intermediate,3.8,Fat Loss,3-4,15-20,40,5-15,https://www.youtube.com/watch?v=dQw4w9WgXcQ
128,Tricep Overhead Extension,Arms,Isolation,Dumbbell,Beginner,3,Strength,3,10-12,60,5-15,https://www.youtube.com/watch?v=dQw4w9WgXcQ
41,Tricep Pushdown,Arms,Isolation,Cable,Beginner,3,Fat Loss,3-4,8-12,60,10-20,https://www.youtube.com/watch?v=dQw4w9WgXcQ
42,Tricep Pushdown,Arms,Isolation,Cable,Beginner,3,Muscle Gain,3-4,8-12,60,10-20,https://www.youtube.com/watch?v=dQw4w9WgXcQ
245,Tuck Jump,Full Body,Compound,Bodyweight,Advanced,9,Fat Loss,4,15-20,35,Bodyweight,https://www.youtube.com/watch?v=dQw4w9WgXcQ
344,Turkish Get-Up (Light),Full Body,Pre Workout,Kettlebell,Advanced,6.5,Strength,3,3 each side,45,8-12,https://www.youtube.com/watch?v=turkish-get-up
271,Upright Row,Shoulders,Compound,Dumbbell,Intermediate,5,Fat Loss,3-4,15-20,40,10-20,https://www.youtube.com/watch?v=dQw4w9WgXcQ
211,V-Up,Core,Isolation,Bodyweight,Advanced,5,Fat Loss,4,15-20,40,Bodyweight,https://www.youtube.com/watch?v=dQw4w9WgXcQ
221,Walking Lunge,Full Body,Compound,Bodyweight,Beginner,5,Fat Loss,3,12-15,45,Bodyweight,https://www.youtube.com/watch?v=dQw4w9WgXcQ
299,Walking Lunges,Legs,Pre Workout,Bodyweight,Beginner,4,Muscle Gain,2,10 each leg,20,Bodyweight,https://www.youtube.com/watch?v=walking-lunges
346,Wall Drill - Isometric Sprint Position,Full Body,Pre Workout,Bodyweight,Advanced,7.5,Strength,4,10 each leg,20,Bodyweight,https://www.youtube.com/watch?v=wall-sprint-drill
251,Wall Sit,Legs,Isolation,Bodyweight,Beginner,3.7,Strength,3,30-60 sec,60,Bodyweight,https://www.youtube.com/watch?v=dQw4w9WgXcQ
215,Weighted Cable Crunch,Core,Isolation,Cable,Advanced,4,Muscle Gain,4,8-12,75,20-40,https://www.youtube.com/watch?v=dQw4w9WgXcQ
201,Weighted Chest Dips,Chest,Compound,Bodyweight,Advanced,6,Muscle Gain,4,6-10,90,50-100,https://www.youtube.com/watch?v=dQw4w9WgXcQ
143,Weighted Chin-Up,Arms,Compound,Bodyweight,Advanced,7.5,Strength,4-5,4-6,120,50-100,https://www.youtube.com/watch?v=dQw4w9WgXcQ
109,Weighted Dips,Chest,Compound,Bodyweight,Advanced,7,Strength,3-4,8-12,60,50-100,https://www.youtube.com/watch?v=dQw4w9WgXcQ
111,Weighted Pull-Up,Back,Compound,Bodyweight,Advanced,7.5,Strength,3-4,8-12,60,50-100,https://www.youtube.com/watch?v=dQw4w9WgXcQ
175,Weighted Step-Up Calf Raise,Calves,Isolation,Dumbbell,Intermediate,3.5,Strength,3-4,8-10,75,20-40,https://www.youtube.com/watch?v=dQw4w9WgXcQ
145,Weighted Tricep Dips,Arms,Compound,Bodyweight,Advanced,7,Strength,4,5-8,120,50-100,https://www.youtube.com/watch?v=dQw4w9WgXcQ
112,Wide Grip Pull-Up,Back,Compound,Bodyweight,Advanced,7.5,Strength,3-4,8-12,60,50-100,https://www.youtube.com/watch?v=dQw4w9WgXcQ
213,Windmill,Core,Isolation,Kettlebell,Advanced,5.5,Fat Loss,3-4,10-12,45,10-25,https://www.youtube.com/watch?v=dQw4w9WgXcQ
209,Woodchop Cable,Core,Compound,Cable,Intermediate,5.5,Fat Loss,3-4,15-20,45,10-20,https://www.youtube.com/watch?v=dQw4w9WgXcQ
303,World's Greatest Stretch,Full Body,Pre Workout,Bodyweight,Beginner,2.5,Strength,2,5 each side,15,Bodyweight,https://www.youtube.com/watch?v=worlds-greatest-stretch
308,Wrist Rotations,Wrists,Pre Workout,Bodyweight,Beginner,1.5,Strength,2,10 each direction,10,Bodyweight,https://www.youtube.com/watch?v=wrist-rotations
160,Yates Row,Back,Compound,Barbell,Advanced,5.5,Muscle Gain,4,6-8,90,50-100,https://www.youtube.com/watch?v=dQw4w9WgXcQ
241,Zercher Squat,Full Body,Compound,Barbell,Intermediate,6.5,Strength,4,5-8,120,40-80,https://www.youtube.com/watch?v=dQw4w9WgXcQ
